figure,dist,mu,gamma,estimator,B,R,q_dev,mad_err,median_bias,sd_part,sd_samp,share,fail_t1
strength,t(2.1),1.0,2.5,Median-of-Ratios,1,505,0.02558513242473542,0.008643259542724435,0.00043214079167430697,0.007716096402500949,0.010427411072607144,0.35382707236400146,0.05
strength,t(2.1),1.0,2.5,Median-of-Ratios,5,101,0.022162572779337822,0.007438994442327429,0.0004055748539000259,0.004111211592296782,0.010417045165111206,0.1347670210802061,0.023727722772277228
strength,t(2.1),1.0,2.5,Median-of-Ratios,25,20,0.020982249088631076,0.007068474639958966,0.00036430240370177724,0.0019003747182738948,0.010409656179092508,0.03225281561987448,0.015575
strength,t(2.1),1.0,2.5,Median-of-Ratios,101,5,0.020775525346397154,0.007025416606006751,0.0003573998727237626,0.0009435068029706015,0.010416782216011111,0.008137190982332981,0.0139
strength,t(2.1),1.0,2.5,Ratio-of-Medians,1,505,0.050377875495351096,0.01676729026193391,-7.184609235605377e-05,0.022689794321369704,0.01166989330243756,0.7908085201601581,0.05
strength,t(2.1),1.0,2.5,Ratio-of-Medians,5,101,0.032701799151160296,0.011057799730555429,-6.864776995496591e-05,0.01195391783214648,0.011624632259462288,0.5139627484266265,0.003113861386138614
strength,t(2.1),1.0,2.5,Ratio-of-Medians,25,20,0.025185056721777493,0.008433355677162135,-0.0001639466587599614,0.005501038641502073,0.01155347620348473,0.18480910478961474,5e-05
strength,t(2.1),1.0,2.5,Ratio-of-Medians,101,5,0.023429139312048885,0.007850220911511274,-0.0003006605728519407,0.0027766399599966356,0.011544885030600263,0.05468122053582866,0.0
strength,t(2.1),0.6,6.944444444444445,Median-of-Ratios,1,505,0.04201921701186959,0.014301331930158478,0.0002093325467851237,0.012952991831083952,0.017050561947644927,0.36593105756065875,0.05
strength,t(2.1),0.6,6.944444444444445,Median-of-Ratios,5,101,0.03601508277071857,0.01229755147817957,0.0003853964786738606,0.006891097113049688,0.017031344972678945,0.14068039225856,0.021896039603960395
strength,t(2.1),0.6,6.944444444444445,Median-of-Ratios,25,20,0.03388633228102518,0.011535847936587573,0.0005283391963156747,0.0031907230496484628,0.017015565238314843,0.03396852847896272,0.014325
strength,t(2.1),0.6,6.944444444444445,Median-of-Ratios,101,5,0.033426206909286674,0.011387457847199745,0.0005279482994016149,0.0016148541448868753,0.0170245214492489,0.008917163594456417,0.0131
strength,t(2.1),0.6,6.944444444444445,Ratio-of-Medians,1,505,0.08020993321840746,0.02676505560098319,-0.0002707997391574457,0.036466944042794464,0.018084143841735775,0.8026185419505935,0.05
strength,t(2.1),0.6,6.944444444444445,Ratio-of-Medians,5,101,0.05149750273736697,0.017518544015835635,-0.00016886166707191785,0.019163088557743034,0.018011381438131815,0.5309514227418622,0.0027425742574257424
strength,t(2.1),0.6,6.944444444444445,Ratio-of-Medians,25,20,0.0389538670092206,0.01348511748570591,4.635756174464767e-05,0.008824091111621449,0.017993470478782806,0.19387164432364928,0.0002
strength,t(2.1),0.6,6.944444444444445,Ratio-of-Medians,101,5,0.03598208709013566,0.012637634726058278,3.4009619079400366e-05,0.004418538571662376,0.01800834700105461,0.056783355915402775,0.0
strength,t(2.1),0.4,15.624999999999996,Median-of-Ratios,1,505,0.06427287497374884,0.021374786806533153,0.0011088764135082085,0.02013756145969633,0.025632398720330928,0.38165236708103706,0.05
strength,t(2.1),0.4,15.624999999999996,Median-of-Ratios,5,101,0.054819440329020676,0.018187506253484087,0.0010982537101211776,0.010689848413764884,0.025558982730200443,0.1488830345278253,0.023396039603960396
strength,t(2.1),0.4,15.624999999999996,Median-of-Ratios,25,20,0.05141688141477174,0.017170027833661672,0.0009900671178064702,0.0049195957623149504,0.025538676943501662,0.035779829031411824,0.01635
strength,t(2.1),0.4,15.624999999999996,Median-of-Ratios,101,5,0.05097711728167832,0.01685120794347439,0.0008447417333967699,0.002440424019411117,0.02553529329978267,0.009051074747359614,0.0156
strength,t(2.1),0.4,15.624999999999996,Ratio-of-Medians,1,505,0.1206961998762425,0.03975322791988567,-9.671843150210746e-05,0.054582452153828495,0.027290111445845207,0.8000130694196069,0.05
strength,t(2.1),0.4,15.624999999999996,Ratio-of-Medians,5,101,0.07777995932307558,0.02602793194477404,-6.464081204726746e-05,0.02861061452750608,0.027185128767020134,0.5255316238706429,0.003594059405940594
strength,t(2.1),0.4,15.624999999999996,Ratio-of-Medians,25,20,0.05913595261028565,0.01979553745349477,-0.00011211371125657843,0.013152063967368104,0.027128164091843036,0.190311484470076,0.0001
strength,t(2.1),0.4,15.624999999999996,Ratio-of-Medians,101,5,0.055116603248571004,0.018140244528902394,-4.5867402298949145e-05,0.006511624357458127,0.027144577031372068,0.05441434377746299,0.0
strength,t(2.1),0.3,27.77777777777778,Median-of-Ratios,1,505,0.0861394289154744,0.028818315587454957,0.005785954035254615,0.02902894355996246,0.03234496323480089,0.4461274695286673,0.05
strength,t(2.1),0.3,27.77777777777778,Median-of-Ratios,5,101,0.07057119342165925,0.02394863916084644,0.005334596357341237,0.015390586958548983,0.032193066736582815,0.1860338628525757,0.01777227722772277
strength,t(2.1),0.3,27.77777777777778,Median-of-Ratios,25,20,0.06513148580613308,0.022119147623491764,0.005212527849250859,0.00712461547031362,0.03216005426703101,0.04678228375139276,0.0113
strength,t(2.1),0.3,27.77777777777778,Median-of-Ratios,101,5,0.06383926997764842,0.021601287751143783,0.005257558725496825,0.0035371173329378828,0.0321605881239851,0.011951685330150775,0.0096
strength,t(2.1),0.3,27.77777777777778,Ratio-of-Medians,1,505,0.16227560142492137,0.05287508631408111,-0.0002326250152789866,0.07331693283432615,0.03645438653329179,0.8017804541928021,0.05
strength,t(2.1),0.3,27.77777777777778,Ratio-of-Medians,5,101,0.10370574962397447,0.034596041898945995,-0.00030472931137998094,0.03823623882201215,0.03622206891939009,0.527031195871738,0.0033514851485148514
strength,t(2.1),0.3,27.77777777777778,Ratio-of-Medians,25,20,0.07888108641280138,0.026689922144675027,-0.0006358449438811364,0.017586243103822532,0.03619122421160223,0.19101948088648277,0.000325
strength,t(2.1),0.3,27.77777777777778,Ratio-of-Medians,101,5,0.07150632068526036,0.024915897292608125,-0.0005547605364709662,0.008815609853735492,0.03615681923177174,0.056110658978533894,0.0003
strength,t(2.1),0.2,62.499999999999986,Median-of-Ratios,1,505,0.13287976808428478,0.043844506929174965,0.02369583363873118,0.048673663822360685,0.04018778604409778,0.5946326098530953,0.05
strength,t(2.1),0.2,62.499999999999986,Median-of-Ratios,5,101,0.10386183037383717,0.035273365153470126,0.023686213413425694,0.025462628636178933,0.03969942726590212,0.29147112791446383,0.0129009900990099
strength,t(2.1),0.2,62.499999999999986,Median-of-Ratios,25,20,0.09432794162328599,0.032175574519946626,0.023727835385225604,0.011822469597726312,0.039611018647505346,0.08179453072329808,0.004975
strength,t(2.1),0.2,62.499999999999986,Median-of-Ratios,101,5,0.09202283121283207,0.03165573885260997,0.023820458195757288,0.005833689748159723,0.039557072531947395,0.021286005394574106,0.0035
strength,t(2.1),0.2,62.499999999999986,Ratio-of-Medians,1,505,0.2547689223202166,0.0791264402664641,1.7858653549862602e-05,0.11400742842971236,0.05779294918516718,0.7955635646408807,0.05
strength,t(2.1),0.2,62.499999999999986,Ratio-of-Medians,5,101,0.1618988654287562,0.05196552032466539,0.00021311861778405827,0.05850420279504666,0.056954081176487745,0.5134233958991282,0.005113861386138614
strength,t(2.1),0.2,62.499999999999986,Ratio-of-Medians,25,20,0.1232691213076888,0.039674121976561894,0.0003930281223626375,0.026877938277483946,0.05660219623707428,0.18399919618229918,0.000975
strength,t(2.1),0.2,62.499999999999986,Ratio-of-Medians,101,5,0.11532170226103115,0.036547992812364316,0.00020161811555063913,0.013546951417883252,0.05670430397434292,0.05399393971045565,0.0007
strength,t(2.1),0.1,249.99999999999994,Median-of-Ratios,1,505,0.22004521344669464,0.07572175805231579,0.06378554429055039,0.08458087584429043,0.036787329559327474,0.8409226892699361,0.05
strength,t(2.1),0.1,249.99999999999994,Median-of-Ratios,5,101,0.15936762229410345,0.06556976369434597,0.06427375827196591,0.043292356543997206,0.03607910970321424,0.5901351612751856,0.004940594059405941
strength,t(2.1),0.1,249.99999999999994,Median-of-Ratios,25,20,0.13305300680045395,0.06500411443732679,0.06492201261428598,0.019823559200207067,0.035855517000960055,0.2341090588395712,5e-05
strength,t(2.1),0.1,249.99999999999994,Median-of-Ratios,101,5,0.1260975825290819,0.06533155232404464,0.06528704899031412,0.009842501460235612,0.0358780891039589,0.06999059837900064,0.0
strength,t(2.1),0.1,249.99999999999994,Ratio-of-Medians,1,505,0.7291986567771629,0.16310932382339188,-0.0013180865410883924,46.957410457591926,2.091347779308979,0.9980203717292134,0.05
strength,t(2.1),0.1,249.99999999999994,Ratio-of-Medians,5,101,0.3980914556499256,0.1045598667217641,-0.0014071439305143318,0.1745538150373292,0.13548649174557326,0.6240377895708574,0.010435643564356436
strength,t(2.1),0.1,249.99999999999994,Ratio-of-Medians,25,20,0.2868588044807362,0.07868034584572858,-0.0023178230155573853,0.06882912519213776,0.1309361707245457,0.21650247173662074,0.002425
strength,t(2.1),0.1,249.99999999999994,Ratio-of-Medians,101,5,0.2585790993046656,0.0721388082499877,-0.002218877709908862,0.03488653047368466,0.13035296466099236,0.06683905326093667,0.0011
strength,t(2.1),0.05,999.9999999999998,Median-of-Ratios,1,505,0.2651387993222094,0.09507111770855403,0.08584223796794788,0.10121533584737634,0.030900061741005576,0.9147438796620186,0.05
strength,t(2.1),0.05,999.9999999999998,Median-of-Ratios,5,101,0.18641607137840957,0.0865296094308311,0.08623752150465469,0.05136078226174823,0.030265181395293054,0.7422610853791748,0.0032376237623762375
strength,t(2.1),0.05,999.9999999999998,Median-of-Ratios,25,20,0.1494318327550401,0.08693914352171506,0.08693716236432747,0.02348932616340908,0.030142687422264555,0.3778244816109035,7.5e-05
strength,t(2.1),0.05,999.9999999999998,Median-of-Ratios,101,5,0.13870940718231167,0.08741270622541542,0.08741270622541542,0.011647003278832141,0.030158255931683656,0.1297896847573674,0.0
strength,t(2.1),0.05,999.9999999999998,Ratio-of-Medians,1,505,3.6392121061393365,0.3330930629694885,-0.011164528921469075,284.3287853145909,12.678782418229613,0.9980155017259142,0.05
strength,t(2.1),0.05,999.9999999999998,Ratio-of-Medians,5,101,1.0301763257047962,0.20651058287989016,-0.013776565255247841,0.5054967495379628,0.24198225950069688,0.8135667007469638,0.0019702970297029703
strength,t(2.1),0.05,999.9999999999998,Ratio-of-Medians,25,20,0.5921096199417604,0.1506645700911362,-0.021791518514445718,0.16248553342952468,0.23015319781637775,0.33263032628391115,0.0
strength,t(2.1),0.05,999.9999999999998,Ratio-of-Medians,101,5,0.5005179457081737,0.13760970272224915,-0.030252835471494433,0.07836565218366931,0.22847770344346133,0.10525942370942262,0.0
dists,Gaussian,1.0,2.5,Median-of-Ratios,1,505,0.05425912126913454,0.0186075118422232,0.00010655599937148263,0.015845071322042766,0.022613362285611376,0.32929730023614256,0.05
dists,Gaussian,1.0,2.5,Median-of-Ratios,5,101,0.04756867649549051,0.016297920494766527,0.0002122276568714554,0.008396744145021751,0.02260604647832203,0.12123925431850512,0.02507920792079208
dists,Gaussian,1.0,2.5,Median-of-Ratios,25,20,0.0454430387208279,0.01561403254766991,0.00027193392606850164,0.0038817199284760656,0.022604043363973137,0.028645338559304408,0.01795
dists,Gaussian,1.0,2.5,Median-of-Ratios,101,5,0.04478734563713051,0.015568709747445786,0.0002939187173223168,0.0019267605546626641,0.022596037585929086,0.0072184609146524244,0.0166
dists,Gaussian,1.0,2.5,Ratio-of-Medians,1,505,0.07845398498159895,0.026766898032318798,-0.0014743759580265747,0.03281835271111657,0.022779889202360324,0.6748534598218676,0.05
dists,Gaussian,1.0,2.5,Ratio-of-Medians,5,101,0.05633078021760217,0.01931380702026725,-0.0014287711846930895,0.01741752579731238,0.022776764497950044,0.36899563331509916,0.005900990099009901
dists,Gaussian,1.0,2.5,Ratio-of-Medians,25,20,0.048027792674027486,0.01623825262165307,-0.0013605130141508548,0.00801232368642971,0.022810934273073014,0.109826127058146,0.000325
dists,Gaussian,1.0,2.5,Ratio-of-Medians,101,5,0.04594855879302326,0.01559787802382756,-0.0013621032882640827,0.003978698941605862,0.022795813526011153,0.029562392830252845,0.0
dists,t(3),1.0,2.5,Median-of-Ratios,1,505,0.04954605319963608,0.01714616964561444,0.0005754914184030735,0.014790138193538405,0.020554691486949522,0.3411312201707062,0.05
dists,t(3),1.0,2.5,Median-of-Ratios,5,101,0.04301862244450406,0.015026697655034726,0.000613687041432831,0.007886399128527252,0.020548732241661424,0.12838444589551165,0.023752475247524753
dists,t(3),1.0,2.5,Median-of-Ratios,25,20,0.04085061472546702,0.01432239431594684,0.0005964871701834573,0.0036659932529859063,0.020555574595195712,0.030826595805668402,0.016375
dists,t(3),1.0,2.5,Median-of-Ratios,101,5,0.04058344668475161,0.014176266275418237,0.0005177507679740012,0.0018072004351375375,0.02055758953341063,0.007668756172431335,0.0144
dists,t(3),1.0,2.5,Ratio-of-Medians,1,505,0.07459643011130963,0.025433162361318873,-0.0007341050347315359,0.03168496227955204,0.020969903034777023,0.6954042710261379,0.05
dists,t(3),1.0,2.5,Ratio-of-Medians,5,101,0.052337214635778985,0.018169014572610442,-0.0007355346356240355,0.01677634706921709,0.0209770685209645,0.3900933678617798,0.005242574257425743
dists,t(3),1.0,2.5,Ratio-of-Medians,25,20,0.04361930474843643,0.015268068481946007,-0.0006970030243413916,0.007765911340810162,0.020981019585353013,0.1204952353985291,0.000575
dists,t(3),1.0,2.5,Ratio-of-Medians,101,5,0.04165613910790419,0.014610692408940862,-0.0007365434354549838,0.0038798499823209614,0.020987665239012368,0.03304515579304835,0.0
dists,t(2.1),1.0,2.5,Median-of-Ratios,1,505,0.02538643853812403,0.008625838807479913,-0.0004526515899830885,0.007712379584497604,0.010352244670669171,0.3569209808291651,0.05
dists,t(2.1),1.0,2.5,Median-of-Ratios,5,101,0.021907777797709967,0.007459932743645259,-0.0004144931128460261,0.004119775517700276,0.010354520790389093,0.13666748260714529,0.022886138613861386
dists,t(2.1),1.0,2.5,Median-of-Ratios,25,20,0.0205775587035763,0.007008765788857896,-0.0003924223211104194,0.0019062937258156212,0.01035466890546046,0.03278171729295007,0.016375
dists,t(2.1),1.0,2.5,Median-of-Ratios,101,5,0.02016698927349792,0.006937634087439082,-0.0002513870173284638,0.0009548291179358006,0.010354592174344047,0.00843156140040148,0.0153
dists,t(2.1),1.0,2.5,Ratio-of-Medians,1,505,0.05024662059779689,0.016767588917144027,-0.001069156026861251,0.022712990409251968,0.011552503344606889,0.7944678001058662,0.05
dists,t(2.1),1.0,2.5,Ratio-of-Medians,5,101,0.03269615422697534,0.011028598986918159,-0.0009665935110199642,0.011932528605905938,0.011493750525595876,0.5187235966968319,0.003103960396039604
dists,t(2.1),1.0,2.5,Ratio-of-Medians,25,20,0.024961320422298112,0.008459259635717975,-0.0009252887058620041,0.005487944557928152,0.011465344211217384,0.18640358531932164,0.0001
dists,t(2.1),1.0,2.5,Ratio-of-Medians,101,5,0.023061863950922388,0.00790128485603564,-0.0009566361446617933,0.0027380552800150087,0.011476146598999757,0.053857806281639754,0.0
dists,Pareto(2.5),1.0,2.5,Median-of-Ratios,1,505,0.034978132552484165,0.01197275873732817,0.0005040214999121329,0.010630446363424811,0.014312263751380854,0.35553674901575244,0.05
dists,Pareto(2.5),1.0,2.5,Median-of-Ratios,5,101,0.030074068819074394,0.010384014054892088,0.0005555882948429236,0.00567819463139162,0.014299700177051547,0.1362007526347953,0.022287128712871286
dists,Pareto(2.5),1.0,2.5,Median-of-Ratios,25,20,0.028436759635294996,0.009787145149239729,0.0006835190895153609,0.002624847144425986,0.014303807183772745,0.03257773015382777,0.014775
dists,Pareto(2.5),1.0,2.5,Median-of-Ratios,101,5,0.02825059792924707,0.009647860664149355,0.0007833928719181982,0.0013214013509081808,0.014295577398580402,0.008471712313773186,0.0126
dists,Pareto(2.5),1.0,2.5,Ratio-of-Medians,1,505,0.06162117943711437,0.020638184022869543,-0.0003803959979064575,0.026989013776466394,0.015760963808269402,0.745695940750669,0.05
dists,Pareto(2.5),1.0,2.5,Ratio-of-Medians,5,101,0.04136978611103455,0.014186266302910755,-0.00038923556245384905,0.014204787421438903,0.015664567404966363,0.4512442892539971,0.004118811881188119
dists,Pareto(2.5),1.0,2.5,Ratio-of-Medians,25,20,0.03304464482285831,0.011474602722546079,-0.0002797780901893643,0.0065541456740077575,0.015669405073562397,0.1489038101316346,0.0003
dists,Pareto(2.5),1.0,2.5,Ratio-of-Medians,101,5,0.031089723714706797,0.010793052525535918,-0.0001653587272887891,0.003301028615990079,0.015660124944622072,0.042542934317570336,0.0
dists,"Mix(0.1,3)",1.0,2.5,Median-of-Ratios,1,505,0.05258933827078031,0.017865568166919643,0.0006872565189134372,0.015653230649825683,0.02167163958472451,0.34284210872680343,0.05
dists,"Mix(0.1,3)",1.0,2.5,Median-of-Ratios,5,101,0.04607164425129,0.015397673483194152,0.0005970003975016569,0.008322234120746626,0.021690433087112285,0.1283215818750631,0.025123762376237625
dists,"Mix(0.1,3)",1.0,2.5,Median-of-Ratios,25,20,0.04371701476611787,0.014526802107026782,0.0005179190869258887,0.003867648660106543,0.021685059653111818,0.03082994678140379,0.018425
dists,"Mix(0.1,3)",1.0,2.5,Median-of-Ratios,101,5,0.04354724739101749,0.014346195858203736,0.00046313341406301056,0.001932245278020327,0.02169009861808326,0.00787351212600534,0.0178
dists,"Mix(0.1,3)",1.0,2.5,Ratio-of-Medians,1,505,0.07706684545676847,0.026270166528121752,-0.0006528593951394268,0.03266627850775087,0.02181440543189104,0.6915862214446681,0.05
dists,"Mix(0.1,3)",1.0,2.5,Ratio-of-Medians,5,101,0.05473408602406953,0.018682184354146425,-0.0006797141525138328,0.0173259126839025,0.021820401708033205,0.38668118865007356,0.005638613861386138
dists,"Mix(0.1,3)",1.0,2.5,Ratio-of-Medians,25,20,0.04582572651937408,0.015526446492861223,-0.0006932682345116015,0.00802620747459815,0.021790946874450833,0.11945882260747671,0.0006
dists,"Mix(0.1,3)",1.0,2.5,Ratio-of-Medians,101,5,0.04377486974660963,0.014812266345929026,-0.00079856924539351,0.003999343870445107,0.02182620662283982,0.032484696451372384,0.0002
